assists,evGoals,evPoints,faceoffWinPct,gameWinningGoals,gamesPlayed,goals,lastName,otGoals,penaltyMinutes,playerId,plusMinus,points,pointsPerGame,positionCode,ppGoals,ppPoints,seasonId,shGoals,shPoints,shootingPct,shootsCatches,shots,skaterFullName,teamAbbrevs,timeOnIcePerGame
87,26,80,0.0,8,82,41,Kucherov,0,62,8476453,24,128,1.5609700000000002,R,15,48,20182019,0,0,0.16666,L,246,Nikita Kucherov,TBL,1197.9268
83,22,63,1.0,4,82,30,Kucherov,0,36,8476453,-2,113,1.37804,R,8,50,20222023,0,0,0.1107,L,271,Nikita Kucherov,TBL,1207.939
52,29,60,0.0,6,68,33,Kucherov,3,38,8476453,26,85,1.25,R,4,25,20192020,0,0,0.15714,L,210,Nikita Kucherov,TBL,1131.7941
44,16,39,1.0,1,47,25,Kucherov,0,22,8476453,1,69,1.46808,R,9,30,20212022,0,0,0.16025,L,156,Nikita Kucherov,TBL,1198.9787
69,30,77,0.44434,9,71,42,MacKinnon,2,30,8477492,29,111,1.56338,C,12,34,20222023,0,0,0.11475,R,366,Nathan MacKinnon,COL,1339.0422
58,29,62,0.43702,6,82,41,MacKinnon,1,34,8477492,20,99,1.20731,C,12,37,20182019,0,0,0.11232,R,365,Nathan MacKinnon,COL,1325.4878
58,23,62,0.43095000000000006,4,69,35,MacKinnon,2,12,8477492,13,93,1.34782,C,12,31,20192020,0,0,0.11006,R,318,Nathan MacKinnon,COL,1273.3478
56,25,61,0.45379,5,65,32,MacKinnon,1,42,8477492,22,88,1.35384,C,7,27,20212022,0,0,0.10702,R,299,Nathan MacKinnon,COL,1263.6615
45,12,40,0.48478000000000004,2,48,20,MacKinnon,0,37,8477492,22,65,1.35416,C,8,25,20202021,0,0,0.09708000000000001,R,206,Nathan MacKinnon,COL,1221.8541
52,43,76,0.42105000000000004,13,82,61,Pastrnak,4,38,8477956,34,113,1.37804,R,18,37,20222023,0,0,0.14987,R,407,David Pastrnak,BOS,1173.8658
47,28,57,0.38888000000000006,10,70,48,Pastrnak,1,40,8477956,21,95,1.35714,R,20,38,20192020,0,0,0.17204000000000003,R,279,David Pastrnak,BOS,1137.6428
43,21,48,0.33333,4,66,38,Pastrnak,0,32,8477956,6,81,1.22727,R,17,33,20182019,0,0,0.1617,R,235,David Pastrnak,BOS,1125.2272
37,25,51,0.33333,9,72,40,Pastrnak,1,20,8477956,13,77,1.06944,R,15,26,20212022,0,0,0.1282,R,312,David Pastrnak,BOS,1116.4583
28,14,34,0.28571,3,48,20,Pastrnak,0,24,8477956,10,48,1.0,R,6,14,20202021,0,0,0.11363000000000001,R,176,David Pastrnak,BOS,1116.8541
89,39,75,0.5192800000000001,11,82,64,McDavid,2,36,8478402,22,153,1.86585,C,21,71,20222023,4,7,0.18181000000000003,L,352,Connor McDavid,EDM,1343.1341
79,34,78,0.5372800000000001,9,80,44,McDavid,4,45,8478402,28,123,1.5375,C,10,44,20212022,0,1,0.14012000000000002,L,314,Connor McDavid,EDM,1323.975
75,31,81,0.46623000000000003,9,78,41,McDavid,3,20,8478402,3,116,1.48717,C,9,33,20182019,1,2,0.17083,L,240,Connor McDavid,EDM,1370.2307
72,24,68,0.49529000000000006,11,56,33,McDavid,2,20,8478402,21,105,1.875,C,9,37,20202021,0,0,0.165,L,200,Connor McDavid,EDM,1329.2142
63,23,54,0.47761000000000003,6,64,34,McDavid,0,28,8478402,-6,97,1.5156200000000002,C,11,43,20192020,0,0,0.16037,L,212,Connor McDavid,EDM,1311.9375
74,17,59,0.5,5,75,22,Panarin,1,18,8478550,21,96,1.28,L,5,37,20212022,0,0,0.12429000000000001,R,177,Artemi Panarin,NYR,1152.8933
63,25,71,0.5,4,69,32,Panarin,0,20,8478550,36,95,1.37681,L,7,24,20192020,0,0,0.15311000000000002,R,209,Artemi Panarin,NYR,1236.2318
63,20,56,0.31578,4,82,29,Panarin,1,36,8478550,4,92,1.12195,L,9,36,20222023,0,0,0.14215,R,204,Artemi Panarin,NYR,1176.4634
59,22,69,0.25,8,79,28,Panarin,4,23,8478550,14,87,1.10126,L,6,18,20182019,0,0,0.14659000000000003,R,191,Artemi Panarin,CBJ,1191.3924
41,12,40,0.0,1,42,17,Panarin,0,6,8478550,14,58,1.38095,L,5,18,20202021,0,0,0.16037,R,106,Artemi Panarin,NYR,1178.5714
47,31,59,0.42372000000000004,5,82,40,Nylander,3,28,8477939,10,87,1.06097,R,9,28,20222023,0,0,0.13651000000000002,R,293,William Nylander,TOR,1112.5243
46,21,49,0.52307,7,81,34,Nylander,2,16,8477939,-9,80,0.98765,R,13,31,20212022,0,0,0.13281,R,256,William Nylander,TOR,1096.3333
28,22,42,0.5,7,68,31,Nylander,1,12,8477939,-2,59,0.8676400000000001,R,9,17,20192020,0,0,0.15736,R,197,William Nylander,TOR,1092.5147
25,13,31,0.5652100000000001,2,51,17,Nylander,1,16,8477939,10,42,0.82352,R,4,11,20202021,0,0,0.12781,R,133,William Nylander,TOR,996.0392
20,6,21,0.5516300000000001,0,54,7,Nylander,0,16,8477939,-4,27,0.5,R,1,6,20182019,0,0,0.053840000000000006,R,130,William Nylander,TOR,930.9444
67,24,59,0.54095,6,80,32,Miller,3,47,8476468,15,99,1.2375,C,8,38,20212022,0,2,0.15533000000000002,L,206,J.T. Miller,VAN,1264.6125
50,16,43,0.54966,3,81,32,Miller,1,60,8476468,-7,82,1.01234,C,11,30,20222023,5,9,0.14349,L,223,J.T. Miller,VAN,1240.7777
45,18,45,0.59192,3,69,27,Miller,1,47,8476468,11,72,1.04347,C,9,25,20192020,0,2,0.16363000000000003,L,165,J.T. Miller,VAN,1206.1739
34,9,27,0.49427000000000004,4,75,13,Miller,0,30,8476468,8,47,0.6266600000000001,C,4,20,20182019,0,0,0.12037,L,108,J.T. Miller,TBL,879.8933
31,11,27,0.53041,4,53,15,Miller,2,43,8476468,-7,46,0.86792,C,3,18,20202021,1,1,0.14150000000000001,L,106,J.T. Miller,VAN,1257.9245
50,42,68,0.49006000000000005,9,82,55,Rantanen,3,82,8478420,15,105,1.28048,R,13,37,20222023,0,0,0.17973,L,306,Mikko Rantanen,COL,1333.4512
56,20,57,0.46327,2,75,36,Rantanen,0,56,8478420,35,92,1.22666,R,16,35,20212022,0,0,0.14173000000000002,L,254,Mikko Rantanen,COL,1259.0933
56,15,54,0.36956000000000006,4,74,31,Rantanen,1,54,8478420,13,87,1.17567,R,16,33,20182019,0,0,0.16062,L,193,Mikko Rantanen,COL,1250.5135
36,21,42,0.5,7,52,30,Rantanen,0,34,8478420,30,66,1.26923,R,9,24,20202021,0,0,0.16949,L,177,Mikko Rantanen,COL,1195.0769
22,11,27,0.5866600000000001,5,42,19,Rantanen,0,14,8478420,-2,41,0.9761900000000001,R,8,14,20192020,0,0,0.17757,L,107,Mikko Rantanen,COL,1136.9761
49,17,49,0.48467000000000005,6,78,33,Reinhart,0,13,8477933,25,82,1.05128,C,16,31,20212022,0,2,0.17741,R,186,Sam Reinhart,FLA,1065.5256
36,15,37,0.50643,5,82,31,Reinhart,1,12,8477933,-12,67,0.8170700000000001,C,16,27,20222023,0,3,0.13656000000000001,R,227,Sam Reinhart,FLA,1186.8658
43,20,50,0.35632,1,82,22,Reinhart,0,16,8477933,-10,65,0.79268,C,2,15,20182019,0,0,0.12222000000000001,R,180,Sam Reinhart,BUF,1137.4634
28,17,38,0.35714,2,69,22,Reinhart,0,20,8477933,-15,50,0.7246300000000001,C,5,12,20192020,0,0,0.15277000000000002,R,144,Sam Reinhart,BUF,1237.7101
15,15,24,0.45652000000000004,5,54,25,Reinhart,0,10,8477933,-28,40,0.7407400000000001,C,10,16,20202021,0,0,0.19230000000000003,R,130,Sam Reinhart,BUF,1172.3333
69,5,41,,0,78,7,Hughes,0,34,8480800,15,76,0.97435,D,2,34,20222023,0,1,0.045450000000000004,L,154,Quinn Hughes,VAN,1539.6666
60,8,35,,1,76,8,Hughes,1,28,8480800,10,68,0.89473,D,0,31,20212022,0,2,0.05333,L,150,Quinn Hughes,VAN,1515.0921
45,5,28,,2,68,8,Hughes,1,22,8480800,-10,53,0.77941,D,3,25,20192020,0,0,0.06349,L,126,Quinn Hughes,VAN,1313.0735
38,3,22,,0,56,3,Hughes,0,22,8480800,-24,41,0.73214,D,0,19,20202021,0,0,0.030610000000000002,L,98,Quinn Hughes,VAN,1368.2678
3,0,1,,0,5,0,Hughes,0,2,8480800,0,3,0.6000000000000001,D,0,2,20182019,0,0,0.0,L,6,Quinn Hughes,VAN,1084.8
46,44,77,0.5622400000000001,10,73,60,Matthews,2,18,8479318,20,106,1.45205,C,16,29,20212022,0,0,0.17241,L,348,Auston Matthews,TOR,1236.5479
45,27,57,0.5243,8,74,40,Matthews,0,20,8479318,31,85,1.14864,C,13,28,20222023,0,0,0.12232000000000001,L,327,Auston Matthews,TOR,1216.7027
33,35,55,0.55,5,70,47,Matthews,0,8,8479318,19,80,1.14285,C,12,25,20192020,0,0,0.16206,L,290,Auston Matthews,TOR,1258.1714
36,25,53,0.5214000000000001,5,68,37,Matthews,2,12,8479318,-9,73,1.07352,C,12,20,20182019,0,0,0.14741,L,251,Auston Matthews,TOR,1113.2941
25,31,53,0.51903,12,52,41,Matthews,2,10,8479318,21,66,1.26923,C,10,13,20202021,0,0,0.18468,L,222,Auston Matthews,TOR,1293.1923
63,28,68,0.44332000000000005,6,80,39,Pettersson,3,14,8480012,16,102,1.275,C,6,25,20222023,5,9,0.15175000000000002,L,257,Elias Pettersson,VAN,1233.2875
36,20,39,0.44074,3,80,32,Pettersson,0,12,8480012,1,68,0.8500000000000001,C,10,27,20212022,2,2,0.16666,L,192,Elias Pettersson,VAN,1115.7
39,19,42,0.41843,5,68,27,Pettersson,1,18,8480012,16,66,0.9705800000000001,C,8,24,20192020,0,0,0.16666,L,162,Elias Pettersson,VAN,1111.8676
38,18,44,0.40988,7,71,28,Pettersson,1,12,8480012,3,66,0.9295700000000001,C,10,22,20182019,0,0,0.19444000000000003,L,144,Elias Pettersson,VAN,1093.5774
11,6,15,0.45,1,26,10,Pettersson,0,6,8480012,0,21,0.80769,C,4,5,20202021,0,1,0.15873,L,63,Elias Pettersson,VAN,1114.1153
58,19,52,,6,77,28,Makar,3,26,8480069,48,86,1.11688,D,9,34,20212022,0,0,0.11666000000000001,R,240,Cale Makar,COL,1540.0779
49,12,36,,6,60,17,Makar,2,30,8480069,16,66,1.1,D,5,30,20222023,0,0,0.09659000000000001,R,176,Cale Makar,COL,1582.8166
38,8,31,,4,57,12,Makar,0,12,8480069,12,50,0.87719,D,4,19,20192020,0,0,0.09917000000000001,R,121,Cale Makar,COL,1260.6315
36,4,22,,3,44,8,Makar,0,12,8480069,17,44,1.0,D,4,22,20202021,0,0,0.07692,R,104,Cale Makar,COL,1458.5
56,34,68,0.35344000000000003,6,78,43,Hughes,1,6,8481559,10,99,1.26923,C,9,31,20222023,0,0,0.12797,L,336,Jack Hughes,NJD,1197.9615
30,20,42,0.3456,2,49,26,Hughes,2,0,8481559,-16,56,1.14285,C,6,14,20212022,0,0,0.15757000000000002,L,165,Jack Hughes,NJD,1173.9591
20,10,24,0.35351000000000005,1,56,11,Hughes,0,16,8481559,-3,31,0.55357,C,1,7,20202021,0,0,0.07746,L,142,Jack Hughes,NJD,1143.7857
14,3,12,0.36147,2,61,7,Hughes,1,10,8481559,-26,21,0.34426,C,4,9,20192020,0,0,0.05691,L,123,Jack Hughes,NJD,951.918
42,32,57,1.0,8,69,42,Forsberg,1,22,8476887,12,84,1.21739,L,10,27,20212022,0,0,0.18584,R,226,Filip Forsberg,NSH,1085.8695
22,19,38,0.14285,4,64,28,Forsberg,1,26,8476887,8,50,0.7812500000000001,L,7,10,20182019,2,2,0.12903,R,217,Filip Forsberg,NSH,1116.9843
27,14,34,0.33333,2,63,21,Forsberg,0,29,8476887,-7,48,0.7619,L,7,14,20192020,0,0,0.10606000000000002,R,198,Filip Forsberg,NSH,1041.0317
23,15,29,0.0,2,50,19,Forsberg,0,20,8476887,-4,42,0.8400000000000001,L,4,13,20222023,0,0,0.12101,R,157,Filip Forsberg,NSH,1048.32
20,9,19,0.37500000000000006,3,39,12,Forsberg,1,16,8476887,-9,32,0.8205100000000001,L,3,13,20202021,0,0,0.09302,R,129,Filip Forsberg,NSH,1097.4871
44,33,62,0.52,7,76,40,Guentzel,1,44,8477404,13,84,1.10526,L,7,22,20212022,0,0,0.15151,L,264,Jake Guentzel,PIT,1205.8421
36,33,64,0.33333,4,82,40,Guentzel,1,26,8477404,13,76,0.9268200000000001,L,6,11,20182019,1,1,0.17621,L,227,Jake Guentzel,PIT,1161.0365
37,25,50,0.5,6,78,36,Guentzel,1,46,8477404,2,73,0.9358900000000001,L,11,23,20222023,0,0,0.14754,L,244,Jake Guentzel,PIT,1206.9615
34,17,38,0.25,7,56,23,Guentzel,1,28,8477404,7,57,1.01785,L,6,18,20202021,0,1,0.16312000000000001,L,141,Jake Guentzel,PIT,1216.0357
23,14,33,0.47826,4,39,20,Guentzel,1,14,8477404,11,43,1.10256,L,6,10,20192020,0,0,0.15748,L,127,Jake Guentzel,PIT,1237.8205
53,23,54,0.48588000000000003,7,82,30,Aho,3,26,8478427,25,83,1.01219,C,3,24,20182019,4,5,0.12345,L,243,Sebastian Aho,CAR,1209.0487
44,23,50,0.52407,9,79,37,Aho,2,38,8478427,18,81,1.02531,C,13,28,20212022,1,3,0.16742,L,221,Sebastian Aho,CAR,1137.2278
31,26,48,0.51353,9,75,36,Aho,2,42,8478427,8,67,0.8933300000000001,C,7,15,20222023,3,4,0.16513000000000003,L,218,Sebastian Aho,CAR,1169.7333
28,26,44,0.46006,5,68,38,Aho,0,26,8478427,10,66,0.9705800000000001,C,8,17,20192020,4,5,0.18446,L,206,Sebastian Aho,CAR,1165.4264
33,14,36,0.5274500000000001,7,56,24,Aho,1,32,8478427,16,57,1.01785,C,7,18,20202021,3,3,0.16216000000000003,L,148,Sebastian Aho,CAR,1168.2321
47,23,55,0.0,6,76,26,Bratt,0,16,8479407,0,73,0.96052,L,3,18,20212022,0,0,0.13197,L,197,Jesper Bratt,NJD,1045.8026
41,24,51,,3,82,32,Bratt,1,6,8479407,14,73,0.89024,L,8,22,20222023,0,0,0.15094000000000002,L,212,Jesper Bratt,NJD,1042.0487
25,7,25,0.57142,1,51,8,Bratt,0,6,8479407,-8,33,0.64705,L,1,8,20182019,0,0,0.08791,L,91,Jesper Bratt,NJD,910.0588
16,15,26,0.23076000000000002,2,60,16,Bratt,0,6,8479407,-6,32,0.5333300000000001,L,1,6,20192020,0,0,0.15841000000000002,L,101,Jesper Bratt,NJD,838.9666
23,5,21,0.33333,1,46,7,Bratt,1,8,8479407,4,30,0.65217,L,2,8,20202021,0,1,0.0693,L,101,Jesper Bratt,NJD,964.5652
76,19,64,0.5489700000000001,11,80,52,Draisaitl,1,24,8477934,7,128,1.6,C,32,62,20222023,1,2,0.21052,L,247,Leon Draisaitl,EDM,1304.0375
55,30,68,0.5340100000000001,11,80,55,Draisaitl,1,40,8477934,17,110,1.375,C,24,41,20212022,1,1,0.19784000000000002,L,278,Leon Draisaitl,EDM,1340.95
67,27,66,0.52088,10,71,43,Draisaitl,2,18,8477934,-7,110,1.54929,C,16,44,20192020,0,0,0.19724000000000003,L,218,Leon Draisaitl,EDM,1356.676
55,31,73,0.50522,5,82,50,Draisaitl,3,52,8477934,2,105,1.28048,C,16,29,20182019,3,3,0.21645000000000003,L,231,Leon Draisaitl,EDM,1355.4512
53,15,51,0.55674,8,56,31,Draisaitl,0,22,8477934,29,84,1.5,C,15,32,20202021,1,1,0.18452000000000002,L,168,Leon Draisaitl,EDM,1331.3035
65,23,69,0.5542100000000001,3,79,35,Crosby,1,36,8471675,18,100,1.26582,C,12,29,20182019,0,2,0.15909,L,220,Sidney Crosby,PIT,1259.5063
60,24,66,0.5297900000000001,9,82,33,Crosby,1,52,8471675,8,93,1.13414,C,9,27,20222023,0,0,0.12941,L,255,Sidney Crosby,PIT,1208.6097
53,23,54,0.5241300000000001,9,69,31,Crosby,1,32,8471675,19,84,1.21739,C,8,30,20212022,0,0,0.14903000000000002,L,208,Sidney Crosby,PIT,1198.4637
38,18,39,0.5356500000000001,5,55,24,Crosby,2,26,8471675,8,62,1.12727,C,5,22,20202021,1,1,0.15094000000000002,L,159,Sidney Crosby,PIT,1223.8909
31,12,30,0.5563,4,41,16,Crosby,2,15,8471675,-8,47,1.14634,C,4,17,20192020,0,0,0.14678000000000002,L,109,Sidney Crosby,PIT,1216.0975
57,15,60,0.49866000000000005,6,72,20,Thomas,1,16,8480023,17,77,1.06944,C,3,14,20212022,2,3,0.17391,R,115,Robert Thomas,STL,1126.4027
47,12,42,0.52907,2,73,18,Thomas,1,22,8480023,-8,65,0.89041,C,5,22,20222023,1,1,0.16981000000000002,R,106,Robert Thomas,STL,1160.6027
32,9,35,0.42902,2,66,10,Thomas,0,18,8480023,9,42,0.63636,C,1,7,20192020,0,0,0.11494000000000001,R,87,Robert Thomas,STL,873.8181
24,6,26,0.4409,0,70,9,Thomas,0,14,8480023,-2,33,0.47142000000000006,C,3,7,20182019,0,0,0.1125,R,80,Robert Thomas,STL,784.3571
9,3,12,0.42585000000000006,1,33,3,Thomas,0,10,8480023,1,12,0.36363,C,0,0,20202021,0,0,0.13636,R,22,Robert Thomas,STL,816.1818
44,31,65,0.50729,9,82,51,Point,1,7,8478010,2,95,1.15853,C,20,30,20222023,0,0,0.21702000000000002,R,235,Brayden Point,TBL,1180.1829
51,21,57,0.50817,7,79,41,Point,2,28,8478010,27,92,1.16455,C,20,35,20182019,0,0,0.21465,R,191,Brayden Point,TBL,1135.1392
39,17,51,0.51093,4,66,25,Point,0,11,8478010,28,64,0.96969,C,8,13,20192020,0,0,0.1773,R,141,Brayden Point,TBL,1134.106
30,18,36,0.51046,4,66,28,Point,2,33,8478010,-5,58,0.8787800000000001,C,10,22,20212022,0,0,0.15909,R,176,Brayden Point,TBL,1167.7121
25,17,33,0.49423000000000006,6,56,23,Point,1,11,8478010,2,48,0.8571400000000001,C,6,15,20202021,0,0,0.17557,R,131,Brayden Point,TBL,1106.1607
54,20,56,0.47007000000000004,2,77,28,Eichel,2,26,8478403,-11,82,1.06493,C,8,26,20182019,0,0,0.09240000000000001,R,303,Jack Eichel,BUF,1226.4805
42,24,50,0.46834000000000003,9,68,36,Eichel,3,34,8478403,5,78,1.1470500000000001,C,11,27,20192020,1,1,0.15859,R,227,Jack Eichel,BUF,1326.0588
39,25,51,0.45271000000000006,2,67,27,Eichel,1,6,8478403,26,66,0.9850700000000001,C,2,14,20222023,0,1,0.12107000000000001,R,223,Jack Eichel,VGK,1126.0149
11,11,17,0.48548,2,34,14,Eichel,0,10,8478403,3,25,0.7352900000000001,C,3,8,20212022,0,0,0.10526,R,133,Jack Eichel,VGK,1163.5
16,1,9,0.49744000000000005,1,21,2,Eichel,0,6,8478403,-9,18,0.8571400000000001,C,1,9,20202021,0,0,0.032780000000000004,R,61,Jack Eichel,BUF,1229.8571
65,14,47,,6,82,20,Hedman,1,36,8475167,26,85,1.03658,D,6,38,20212022,0,0,0.09132000000000001,L,219,Victor Hedman,TBL,1504.5365
44,7,33,,3,66,11,Hedman,0,31,8475167,27,55,0.83333,D,4,22,20192020,0,0,0.07096000000000001,L,155,Victor Hedman,TBL,1443.5606
42,10,28,0.0,4,70,12,Hedman,2,44,8475167,24,54,0.7714200000000001,D,2,25,20182019,0,1,0.06593,L,182,Victor Hedman,TBL,1366.2285
40,7,32,,1,76,9,Hedman,0,42,8475167,10,49,0.64473,D,1,14,20222023,1,3,0.04864,L,185,Victor Hedman,TBL,1423.1447
36,8,21,,2,54,9,Hedman,2,28,8475167,5,45,0.83333,D,1,24,20202021,0,0,0.06617,L,136,Victor Hedman,TBL,1502.7037
61,22,64,0.5368700000000001,5,82,35,Barkov,2,8,8477493,-3,96,1.17073,C,13,31,20182019,0,1,0.16990000000000002,L,206,Aleksander Barkov,FLA,1341.2317
49,23,57,0.5694800000000001,5,67,39,Barkov,2,18,8477493,36,88,1.31343,C,12,26,20212022,4,5,0.18224,L,214,Aleksander Barkov,FLA,1218.194
55,14,46,0.54879,6,68,23,Barkov,0,8,8477493,10,78,1.1470500000000001,C,8,30,20222023,1,2,0.11057000000000002,L,208,Aleksander Barkov,FLA,1273.4558
42,13,41,0.5428000000000001,2,66,20,Barkov,0,18,8477493,2,62,0.9393900000000001,C,7,20,20192020,0,1,0.11627000000000001,L,172,Aleksander Barkov,FLA,1200.909
32,18,38,0.54873,6,50,26,Barkov,2,14,8477493,12,58,1.16,C,7,19,20202021,1,1,0.14772000000000002,L,176,Aleksander Barkov,FLA,1256.24
30,20,41,0.43333000000000005,3,69,26,Boeser,1,22,8478444,-2,56,0.81159,R,6,15,20182019,0,0,0.12440000000000001,R,209,Brock Boeser,VAN,1149.826
37,12,39,0.38596,3,74,18,Boeser,0,24,8478444,-20,55,0.74324,R,6,16,20222023,0,0,0.10112,R,178,Brock Boeser,VAN,1034.4864
26,14,34,0.36363,1,56,23,Boeser,0,16,8478444,-3,49,0.8750000000000001,R,8,14,20202021,1,1,0.16312000000000001,R,141,Brock Boeser,VAN,1159.1785
23,12,28,0.50943,6,71,23,Boeser,1,20,8478444,-5,46,0.64788,R,11,17,20212022,0,1,0.11794,R,195,Brock Boeser,VAN,1115.9436
29,11,31,0.36666000000000004,3,57,16,Boeser,0,14,8478444,4,45,0.7894700000000001,R,5,14,20192020,0,0,0.09467,R,169,Brock Boeser,VAN,1114.3157
44,15,44,0.41551000000000005,3,82,18,Barzal,1,46,8478445,-5,62,0.75609,C,3,18,20182019,0,0,0.10055000000000001,R,179,Mathew Barzal,NYI,1075.378
41,15,48,0.41605000000000003,2,68,19,Barzal,0,44,8478445,5,60,0.8823500000000001,C,4,12,20192020,0,0,0.11111000000000001,R,171,Mathew Barzal,NYI,1202.5735
44,14,39,0.46336000000000005,1,73,15,Barzal,0,18,8478445,-15,59,0.8082100000000001,C,1,20,20212022,0,0,0.09316,R,161,Mathew Barzal,NYI,1081.178
37,10,32,0.35616000000000003,5,58,14,Barzal,1,22,8478445,5,51,0.87931,C,4,19,20222023,0,0,0.10071000000000001,R,139,Mathew Barzal,NYI,1122.9655
28,16,37,0.43428000000000005,1,55,17,Barzal,0,48,8478445,15,45,0.81818,C,1,8,20202021,0,0,0.12686,R,134,Mathew Barzal,NYI,1123.4
69,17,58,0.0,4,80,30,Marner,2,28,8478483,18,99,1.2375,R,9,36,20222023,4,5,0.15306,R,196,Mitchell Marner,TOR,1276.575
62,26,68,0.5555500000000001,5,72,35,Marner,1,16,8478483,23,97,1.34722,R,6,25,20212022,3,4,0.15625,R,224,Mitchell Marner,TOR,1252.9722
68,22,70,0.63636,5,82,26,Marner,0,22,8478483,22,94,1.14634,R,3,21,20182019,1,3,0.11158000000000001,R,233,Mitchell Marner,TOR,1189.3414
51,10,42,0.26923,2,59,16,Marner,1,16,8478483,6,67,1.13559,R,6,24,20192020,0,1,0.10389000000000001,R,154,Mitchell Marner,TOR,1293.2372
47,20,51,0.8,5,55,20,Marner,0,20,8478483,21,67,1.21818,R,0,14,20202021,0,2,0.1282,R,156,Mitchell Marner,TOR,1345.6181
64,26,70,0.51029,11,81,42,Stamkos,3,36,8474564,24,106,1.30864,C,16,36,20212022,0,0,0.17427,R,241,Steven Stamkos,TBL,1108.9876
53,24,56,0.53095,6,82,45,Stamkos,0,37,8474564,4,98,1.19512,C,19,40,20182019,2,2,0.19230000000000003,R,234,Steven Stamkos,TBL,1098.0121
50,20,49,0.53813,6,81,34,Stamkos,2,46,8474564,-5,84,1.03703,C,14,35,20222023,0,0,0.14166,R,240,Steven Stamkos,TBL,1141.2469
37,19,47,0.54315,6,57,29,Stamkos,0,22,8474564,14,66,1.15789,C,10,19,20192020,0,0,0.16477,R,176,Steven Stamkos,TBL,1105.2105
17,7,18,0.57211,1,38,17,Stamkos,0,16,8474564,4,34,0.89473,C,10,15,20202021,0,1,0.18681,R,91,Steven Stamkos,TBL,1096.0526
40,26,52,0.45161,4,77,33,Stone,1,27,8475913,17,73,0.9480500000000001,R,6,20,20182019,1,1,0.16582000000000002,R,199,Mark Stone,"OTT,VGK",1193.1168
42,15,45,0.34782,3,65,21,Stone,0,27,8475913,15,63,0.96923,R,6,17,20192020,0,1,0.125,R,168,Mark Stone,VGK,1164.7846
40,14,43,0.4,8,55,21,Stone,0,28,8475913,26,61,1.10909,R,6,17,20202021,1,1,0.21428000000000003,R,98,Mark Stone,VGK,1143.6545
21,12,27,0.0,1,43,17,Stone,0,10,8475913,11,38,0.8837200000000001,R,3,9,20222023,2,2,0.15044000000000002,R,113,Mark Stone,VGK,1162.6046
21,6,23,0.44827000000000006,2,37,9,Stone,0,8,8475913,7,30,0.81081,R,3,6,20212022,0,1,0.12676,R,71,Mark Stone,VGK,1100.5945
52,18,50,0.49499000000000004,5,82,39,Zibanejad,0,20,8476459,25,91,1.10975,C,20,39,20222023,1,2,0.15537,R,251,Mika Zibanejad,NYR,1197.7317
52,13,48,0.5231600000000001,3,81,29,Zibanejad,0,12,8476459,30,81,1.0,C,15,28,20212022,1,5,0.13242,R,219,Mika Zibanejad,NYR,1178.3703
34,23,43,0.49169,6,57,41,Zibanejad,2,14,8476459,9,75,1.31578,C,15,27,20192020,3,5,0.19711,R,208,Mika Zibanejad,NYR,1297.7192
44,17,49,0.49671000000000004,5,82,30,Zibanejad,0,47,8476459,-12,74,0.9024300000000001,C,11,23,20182019,2,2,0.12711,R,236,Mika Zibanejad,NYR,1233.5121
26,12,32,0.46324000000000004,7,56,24,Zibanejad,1,18,8476459,2,50,0.89285,C,10,14,20202021,2,4,0.14035,R,171,Mika Zibanejad,NYR,1206.0178
32,22,43,0.56854,5,79,38,Horvat,1,18,8477500,-1,70,0.88607,C,12,22,20222023,4,5,0.16593000000000002,L,229,Bo Horvat,"VAN,NYI",1239.2405
34,18,40,0.53666,3,82,27,Horvat,2,33,8477500,-4,61,0.7439,C,7,18,20182019,2,3,0.11894,L,227,Bo Horvat,VAN,1250.1341
31,10,37,0.57316,2,69,22,Horvat,0,21,8477500,-15,53,0.7681100000000001,C,12,16,20192020,0,0,0.12359,L,178,Bo Horvat,VAN,1183.913
21,17,32,0.57016,4,70,31,Horvat,0,40,8477500,3,52,0.74285,C,13,19,20212022,1,1,0.15979000000000002,L,194,Bo Horvat,VAN,1170.6714
20,11,27,0.52897,3,56,19,Horvat,1,23,8477500,-6,39,0.69642,C,7,11,20202021,1,1,0.14503000000000002,L,131,Bo Horvat,VAN,1193.375
27,18,41,0.0,5,62,25,Nichushkin,0,14,8477501,21,52,0.8387000000000001,R,5,9,20212022,2,2,0.13888,L,180,Valeri Nichushkin,COL,1141.5645
30,6,28,0.0,2,53,17,Nichushkin,0,2,8477501,15,47,0.8867900000000001,R,10,16,20222023,1,3,0.10759,L,158,Valeri Nichushkin,COL,1216.2641
14,11,25,0.4,3,65,13,Nichushkin,0,14,8477501,26,27,0.41538,R,1,1,20192020,1,1,0.11504,L,113,Valeri Nichushkin,COL,844.3692
11,9,19,0.33333,4,55,10,Nichushkin,1,4,8477501,9,21,0.38181000000000004,R,0,1,20202021,1,1,0.10204,L,98,Valeri Nichushkin,COL,844.8727
10,0,10,0.5,0,57,0,Nichushkin,0,0,8477501,-4,10,0.17543,R,0,0,20182019,0,0,0.0,L,65,Valeri Nichushkin,DAL,715.0175
37,27,50,0.37500000000000006,6,82,41,DeBrincat,4,19,8479337,-13,78,0.9512100000000001,R,14,28,20212022,0,0,0.15185,R,270,Alex DeBrincat,CHI,1251.378
35,28,52,0.45714000000000005,3,82,41,DeBrincat,1,15,8479337,0,76,0.9268200000000001,R,13,24,20182019,0,0,0.18636000000000003,R,220,Alex DeBrincat,CHI,1062.0
39,16,36,0.5263100000000001,6,82,27,DeBrincat,2,45,8479337,-31,66,0.8048700000000001,R,11,30,20222023,0,0,0.10266000000000002,R,263,Alex DeBrincat,OTT,1140.378
24,22,37,0.4,7,52,32,DeBrincat,3,12,8479337,3,56,1.07692,R,9,18,20202021,1,1,0.20645000000000002,R,155,Alex DeBrincat,CHI,1232.3846
27,8,29,0.35000000000000003,4,70,18,DeBrincat,1,15,8479337,-10,45,0.64285,R,10,16,20192020,0,0,0.08695000000000001,R,207,Alex DeBrincat,CHI,1049.6285
38,10,29,,4,80,13,Dobson,1,18,8480865,-3,51,0.6375000000000001,D,3,22,20212022,0,0,0.06842000000000001,R,190,Noah Dobson,NYI,1287.65
36,8,30,,2,78,13,Dobson,1,20,8480865,4,49,0.6282000000000001,D,5,19,20222023,0,0,0.0631,R,206,Noah Dobson,NYI,1222.9358
11,3,9,,0,46,3,Dobson,0,8,8480865,1,14,0.30434,D,0,5,20202021,0,0,0.04347,R,69,Noah Dobson,NYI,983.6304
6,1,6,,0,34,1,Dobson,0,8,8480865,-1,7,0.20588,D,0,1,20192020,0,0,0.027020000000000002,R,37,Noah Dobson,NYI,796.6176
47,21,57,0.5,3,79,36,Hyman,0,39,8475786,13,83,1.05063,L,15,26,20222023,0,0,0.13043000000000002,R,276,Zach Hyman,EDM,1209.0379
27,21,40,0.48235000000000006,4,76,27,Hyman,1,36,8475786,-9,54,0.71052,L,5,10,20212022,1,4,0.12676,R,213,Zach Hyman,EDM,1167.8947
20,20,40,0.47679000000000005,4,71,21,Hyman,0,65,8475786,16,41,0.5774600000000001,L,0,0,20182019,1,1,0.14583000000000002,R,144,Zach Hyman,TOR,1036.5352
16,17,30,0.43750000000000006,1,51,21,Hyman,0,23,8475786,13,37,0.7254900000000001,L,3,6,20192020,1,1,0.19811,R,106,Zach Hyman,TOR,1145.7647
18,12,28,0.32727,4,43,15,Hyman,0,28,8475786,19,33,0.76744,L,3,5,20202021,0,0,0.13043000000000002,R,115,Zach Hyman,TOR,1161.8837
46,26,58,0.46255,6,82,38,Scheifele,3,38,8476460,8,84,1.02439,C,12,23,20182019,0,3,0.19095,R,199,Mark Scheifele,WPG,1311.7317
44,19,53,0.46935000000000004,6,71,29,Scheifele,2,45,8476460,2,73,1.02816,C,10,20,20192020,0,0,0.17058,R,170,Mark Scheifele,WPG,1308.2676
41,22,51,0.50707,3,67,29,Scheifele,2,23,8476460,-17,70,1.04477,C,7,19,20212022,0,0,0.18238000000000001,R,159,Mark Scheifele,WPG,1268.0298
26,30,46,0.4797,10,81,42,Scheifele,2,43,8476460,-16,68,0.8395,C,12,22,20222023,0,0,0.20388,R,206,Mark Scheifele,WPG,1228.7283
42,17,46,0.49787000000000003,4,56,21,Scheifele,0,12,8476460,-4,63,1.125,C,4,17,20202021,0,0,0.16666,R,126,Mark Scheifele,WPG,1257.75
63,33,68,0.0,7,82,46,Robertson,1,20,8480027,37,109,1.32926,L,13,41,20222023,0,0,0.14696,L,313,Jason Robertson,DAL,1130.3292
38,28,58,,11,74,41,Robertson,2,22,8480027,16,79,1.06756,L,13,21,20212022,0,0,0.18636000000000003,L,220,Jason Robertson,DAL,1086.6486
28,16,39,0.71428,3,51,17,Robertson,1,16,8480027,13,45,0.8823500000000001,L,1,6,20202021,0,0,0.13385000000000002,L,127,Jason Robertson,DAL,1013.196
1,0,0,,0,3,0,Robertson,0,0,8480027,0,1,0.33333,L,0,1,20192020,0,0,0.0,L,4,Jason Robertson,DAL,739.3333
42,13,47,0.5606500000000001,3,82,22,Trocheck,0,58,8476389,3,64,0.7804800000000001,C,9,17,20222023,0,0,0.09777000000000001,R,225,Vincent Trocheck,NYR,1158.9512
30,15,39,0.54618,3,81,21,Trocheck,0,78,8476389,21,51,0.6296200000000001,C,6,12,20212022,0,0,0.125,R,168,Vincent Trocheck,CAR,1072.432
26,10,25,0.5604600000000001,2,47,17,Trocheck,0,20,8476389,-3,43,0.9148900000000001,C,7,18,20202021,0,0,0.13821,R,123,Vincent Trocheck,CAR,1093.5531
27,9,30,0.52163,2,62,11,Trocheck,1,49,8476389,-8,38,0.6129,C,1,7,20192020,1,1,0.07801000000000001,R,141,Vincent Trocheck,"FLA,CAR",1003.5322
24,6,20,0.5182100000000001,1,55,10,Trocheck,0,54,8476389,-9,34,0.6181800000000001,C,3,13,20182019,1,1,0.06329,R,158,Vincent Trocheck,FLA,1179.5636
67,21,47,0.45161,3,82,37,Nugent-Hopkins,0,35,8476454,12,104,1.26829,C,15,53,20222023,1,4,0.18407,L,201,Ryan Nugent-Hopkins,EDM,1188.0731
41,19,40,0.45119000000000004,3,82,28,Nugent-Hopkins,0,26,8476454,-13,69,0.8414600000000001,C,8,26,20182019,1,3,0.13461,L,208,Ryan Nugent-Hopkins,EDM,1206.1341
39,15,37,0.5074200000000001,4,65,22,Nugent-Hopkins,0,33,8476454,1,61,0.9384600000000001,C,7,24,20192020,0,0,0.1279,L,172,Ryan Nugent-Hopkins,EDM,1228.0
39,7,22,0.40732,1,63,11,Nugent-Hopkins,0,16,8476454,3,50,0.7936500000000001,C,1,23,20212022,3,5,0.07142000000000001,L,154,Ryan Nugent-Hopkins,EDM,1159.0952
19,7,15,0.45625000000000004,2,52,16,Nugent-Hopkins,0,22,8476454,-4,35,0.6730700000000001,C,9,20,20202021,0,0,0.11851,L,135,Ryan Nugent-Hopkins,EDM,1246.3461
31,35,60,0.48780000000000007,2,81,42,Verhaeghe,1,46,8477409,10,73,0.9012300000000001,C,7,13,20222023,0,0,0.15272000000000002,L,275,Carter Verhaeghe,FLA,1050.1234
31,24,52,0.65517,4,78,24,Verhaeghe,1,48,8477409,24,55,0.7051200000000001,C,0,3,20212022,0,0,0.14371,L,167,Carter Verhaeghe,FLA,963.1794
18,16,33,0.46938,3,43,18,Verhaeghe,0,31,8477409,24,36,0.8372,C,1,2,20202021,1,1,0.16822,L,107,Carter Verhaeghe,FLA,1064.0
4,8,12,0.45161,1,52,9,Verhaeghe,0,8,8477409,-9,13,0.25,C,1,1,20192020,0,0,0.15789,L,57,Carter Verhaeghe,TBL,561.6923
31,10,35,,1,81,12,Bouchard,0,28,8480803,10,43,0.53086,D,2,7,20212022,0,1,0.058530000000000006,R,205,Evan Bouchard,EDM,1188.2962
32,6,26,,2,82,8,Bouchard,1,28,8480803,6,40,0.48780000000000007,D,2,13,20222023,0,1,0.051280000000000006,R,156,Evan Bouchard,EDM,1110.9878
3,1,4,,0,14,2,Bouchard,0,2,8480803,-2,5,0.35714,D,1,1,20202021,0,0,0.05263,R,38,Evan Bouchard,EDM,890.0714
0,0,0,,0,7,1,Bouchard,0,2,8480803,-5,1,0.14285,D,1,1,20182019,0,0,0.1,R,10,Evan Bouchard,EDM,741.2857
54,15,56,0.52463,2,82,27,Pavelski,0,14,8470794,11,81,0.9878000000000001,C,12,25,20212022,0,0,0.125,R,216,Joe Pavelski,DAL,1108.439
49,15,49,0.5341,2,82,28,Pavelski,0,8,8470794,42,77,0.9390200000000001,C,13,27,20222023,0,1,0.15217,R,184,Joe Pavelski,DAL,1063.3658
26,25,42,0.53185,6,75,38,Pavelski,1,22,8470794,-4,64,0.85333,C,12,21,20182019,1,1,0.20212000000000002,R,188,Joe Pavelski,SJS,1142.64
26,12,30,0.5201100000000001,4,56,25,Pavelski,0,16,8470794,22,51,0.91071,C,13,21,20202021,0,0,0.17985,R,139,Joe Pavelski,DAL,1141.3214
17,8,19,0.53834,3,67,14,Pavelski,2,29,8470794,6,31,0.46268000000000004,C,6,11,20192020,0,1,0.112,R,125,Joe Pavelski,DAL,1015.8656
46,21,53,0.5590700000000001,4,82,28,Kopitar,0,4,8471685,20,74,0.9024300000000001,C,7,20,20222023,0,1,0.16568000000000002,L,169,Anze Kopitar,LAK,1218.1341
48,13,44,0.5685800000000001,4,81,19,Kopitar,0,14,8471685,-6,67,0.8271600000000001,C,6,22,20212022,0,1,0.09047000000000001,L,210,Anze Kopitar,LAK,1246.1604
41,13,40,0.55152,5,70,21,Kopitar,1,16,8471685,6,62,0.8857100000000001,C,7,21,20192020,1,1,0.15555000000000002,L,135,Anze Kopitar,LAK,1262.4
38,19,39,0.5508500000000001,3,81,22,Kopitar,0,30,8471685,-20,60,0.7407400000000001,C,1,19,20182019,2,2,0.14102,L,156,Anze Kopitar,LAK,1338.395
37,10,27,0.57279,4,56,13,Kopitar,0,10,8471685,-7,50,0.89285,C,3,23,20202021,0,0,0.11016000000000001,L,118,Anze Kopitar,LAK,1270.9642
64,23,59,0.42857000000000006,9,79,36,Marchand,3,96,8473419,15,100,1.26582,L,10,34,20182019,3,7,0.15584,L,231,Brad Marchand,BOS,1177.4177
59,22,56,0.43137000000000003,5,70,28,Marchand,0,82,8473419,25,87,1.24285,L,5,28,20192020,1,3,0.15135,L,185,Brad Marchand,BOS,1167.1285
48,23,51,0.34146000000000004,6,70,32,Marchand,1,97,8473419,16,80,1.14285,L,7,27,20212022,2,2,0.13223000000000001,L,242,Brad Marchand,BOS,1154.9
40,21,44,0.31428,5,53,29,Marchand,1,46,8473419,26,69,1.3018800000000001,L,4,18,20202021,4,7,0.20279000000000003,L,143,Brad Marchand,BOS,1134.6226
46,12,37,0.38596,4,73,21,Marchand,0,74,8473419,27,67,0.9178000000000001,L,9,29,20222023,0,1,0.11475,L,183,Brad Marchand,BOS,1111.6849
25,23,39,0.48905000000000004,11,81,52,Kreider,0,24,8475184,19,77,0.9506100000000001,L,26,35,20212022,3,3,0.20155,L,258,Chris Kreider,NYR,1123.8024
18,24,33,0.45238000000000006,3,79,36,Kreider,1,26,8475184,21,54,0.68354,L,8,17,20222023,4,4,0.1572,L,229,Chris Kreider,NYR,1104.7848
24,21,40,0.37500000000000006,2,79,28,Kreider,0,57,8475184,4,52,0.65822,L,7,12,20182019,0,0,0.1393,L,201,Chris Kreider,NYR,1044.3544
21,15,32,0.43089000000000005,5,63,24,Kreider,0,58,8475184,13,45,0.71428,L,9,13,20192020,0,0,0.15384,L,156,Chris Kreider,NYR,1034.9841
10,9,16,0.4,4,50,20,Kreider,0,34,8475184,-1,30,0.6000000000000001,L,11,14,20202021,0,0,0.19607000000000002,L,102,Chris Kreider,NYR,1043.84
26,27,44,0.31372,6,82,41,Kempe,1,55,8477960,22,67,0.8170700000000001,R,11,20,20222023,3,3,0.164,L,250,Adrian Kempe,LAK,1125.4756
19,26,35,0.5,7,78,35,Kempe,2,46,8477960,-2,54,0.6923,R,6,16,20212022,3,3,0.14170000000000002,L,247,Adrian Kempe,LAK,1115.0256
21,7,18,0.41255000000000003,2,69,11,Kempe,1,29,8477960,-10,32,0.46376000000000006,R,2,10,20192020,2,4,0.07432000000000001,L,148,Adrian Kempe,LAK,960.7246
15,9,14,0.39705,2,56,14,Kempe,1,28,8477960,-18,29,0.51785,R,4,14,20202021,1,1,0.11023000000000001,L,127,Adrian Kempe,LAK,1015.9464
16,12,24,0.42625,2,81,12,Kempe,0,50,8477960,-10,28,0.34567000000000003,R,0,4,20182019,0,0,0.10169,L,118,Adrian Kempe,LAK,870.0123
30,23,40,0.46666,5,60,31,Konecny,0,77,8478439,-12,61,1.01666,R,5,15,20222023,3,6,0.1623,R,191,Travis Konecny,PHI,1206.9833
37,19,38,0.48979000000000006,3,66,24,Konecny,0,28,8478439,-1,61,0.9242400000000001,R,5,23,20192020,0,0,0.17021,R,141,Travis Konecny,PHI,1008.2272
36,13,42,0.41935000000000006,3,79,16,Konecny,0,77,8478439,-23,52,0.65822,R,3,10,20212022,0,0,0.07272,R,220,Travis Konecny,PHI,1056.7974
25,20,41,0.31818,3,82,24,Konecny,1,40,8478439,-4,49,0.5975600000000001,R,4,8,20182019,0,0,0.13186,R,182,Travis Konecny,PHI,915.6097
23,7,23,0.33333,1,50,11,Konecny,0,26,8478439,-5,34,0.68,R,4,11,20202021,0,0,0.11000000000000001,R,100,Travis Konecny,PHI,953.76
43,27,57,0.5409,6,78,43,Duchene,3,38,8475168,6,86,1.10256,C,16,29,20212022,0,0,0.18859,L,228,Matt Duchene,NSH,1140.8205
39,25,56,0.5531900000000001,1,73,31,Duchene,0,8,8475168,-3,70,0.9589000000000001,C,6,14,20182019,0,0,0.18023,L,172,Matt Duchene,"OTT,CBJ",1130.0547
34,17,43,0.52895,3,71,22,Duchene,1,32,8475168,4,56,0.78873,C,5,13,20222023,0,0,0.13095,L,168,Matt Duchene,NSH,1099.1971
29,8,31,0.56115,1,66,13,Duchene,0,24,8475168,-4,42,0.63636,C,5,11,20192020,0,0,0.09558000000000001,L,136,Matt Duchene,NSH,1012.8333
7,5,10,0.5382,0,34,6,Duchene,0,6,8475168,-12,13,0.38235,C,1,3,20202021,0,0,0.08219000000000001,L,73,Matt Duchene,NSH,949.9411
61,33,77,0.5555500000000001,5,81,47,Kaprizov,2,34,8478864,27,108,1.3333300000000001,L,14,31,20212022,0,0,0.16262000000000001,L,289,Kirill Kaprizov,MIN,1146.4691
35,23,43,0.4,6,67,40,Kaprizov,2,45,8478864,4,75,1.1194,L,17,32,20222023,0,0,0.15325000000000003,L,261,Kirill Kaprizov,MIN,1266.7611
24,19,38,0.125,3,55,27,Kaprizov,2,16,8478864,10,51,0.92727,L,8,13,20202021,0,0,0.17197,L,157,Kirill Kaprizov,MIN,1097.8545
40,16,46,0.47323000000000004,2,82,26,Suzuki,0,33,8480018,-13,66,0.8048700000000001,C,7,17,20222023,3,3,0.16049000000000002,R,162,Nick Suzuki,MTL,1265.7317
40,12,38,0.49574,4,82,21,Suzuki,0,30,8480018,-29,61,0.7439,C,8,20,20212022,1,3,0.11290000000000001,R,186,Nick Suzuki,MTL,1230.6097
26,9,26,0.43969,1,56,15,Suzuki,0,26,8480018,-5,41,0.73214,C,5,13,20202021,1,2,0.13636,R,110,Nick Suzuki,MTL,1090.8928
28,7,27,0.46282000000000006,1,71,13,Suzuki,0,6,8480018,-15,41,0.5774600000000001,C,6,14,20192020,0,0,0.0942,R,138,Nick Suzuki,MTL,959.3802
51,26,59,0.41563000000000005,3,78,39,Stützle,1,54,8482116,-3,90,1.15384,C,10,28,20222023,3,3,0.17105,L,228,Tim Stützle,OTT,1275.8974
36,14,31,0.38054000000000004,4,79,22,Stützle,1,37,8482116,-27,58,0.7341700000000001,C,7,26,20212022,1,1,0.125,L,176,Tim Stützle,OTT,1104.6835
17,8,20,0.29629,2,53,12,Stützle,0,14,8482116,-18,29,0.5471600000000001,C,4,9,20202021,0,0,0.10810000000000002,L,111,Tim Stützle,OTT,944.3773
49,21,52,0.5685800000000001,5,82,28,O'Reilly,2,12,8475158,22,77,0.9390200000000001,C,6,22,20182019,1,3,0.11965,L,234,Ryan O'Reilly,STL,1245.5243
49,9,42,0.56555,3,71,12,O'Reilly,1,10,8475158,11,61,0.8591500000000001,C,2,18,20192020,1,1,0.10169,L,118,Ryan O'Reilly,STL,1234.4366
37,12,41,0.56782,0,78,21,O'Reilly,0,12,8475158,11,58,0.74358,C,9,16,20212022,0,1,0.125,L,168,Ryan O'Reilly,STL,1144.8461
30,18,40,0.58779,4,56,24,O'Reilly,2,18,8475158,26,54,0.96428,C,4,12,20202021,2,2,0.18604,L,129,Ryan O'Reilly,STL,1244.9285
14,14,24,0.55754,4,53,16,O'Reilly,1,16,8475158,-21,30,0.56603,C,1,5,20222023,1,1,0.15686,L,102,Ryan O'Reilly,"STL,TOR",1076.3396
41,37,69,0.5445000000000001,8,82,47,Tavares,1,34,8475166,19,88,1.07317,C,10,19,20182019,0,0,0.16433,L,286,John Tavares,TOR,1145.3536
44,18,41,0.58313,9,80,36,Tavares,1,34,8475166,-7,80,1.0,C,18,39,20222023,0,0,0.12996000000000002,L,277,John Tavares,TOR,1059.3875
49,17,50,0.6058100000000001,3,79,27,Tavares,0,32,8475166,-8,76,0.9620200000000001,C,10,26,20212022,0,0,0.11392000000000001,L,237,John Tavares,TOR,1084.443
34,19,39,0.55286,4,63,26,Tavares,3,24,8475166,-7,60,0.9523800000000001,C,7,21,20192020,0,0,0.13197,L,197,John Tavares,TOR,1172.9682
31,13,38,0.55281,2,56,19,Tavares,0,14,8475166,12,50,0.89285,C,6,12,20202021,0,0,0.11656000000000001,L,163,John Tavares,TOR,1091.8214
39,30,58,0.47251000000000004,8,82,36,Nelson,1,24,8475754,13,75,0.91463,C,6,17,20222023,0,0,0.16216000000000003,L,222,Brock Nelson,NYI,1106.1219
22,26,45,0.49377000000000004,5,72,37,Nelson,0,33,8475754,-5,59,0.8194400000000001,C,11,14,20212022,0,0,0.21637,L,171,Brock Nelson,NYI,1060.7222
28,22,47,0.5176700000000001,5,68,26,Nelson,3,32,8475754,6,54,0.7941100000000001,C,4,7,20192020,0,0,0.14857,L,175,Brock Nelson,NYI,1131.5882
28,22,44,0.47672000000000003,3,82,25,Nelson,1,28,8475754,20,53,0.64634,C,2,8,20182019,1,1,0.13812000000000002,L,181,Brock Nelson,NYI,1078.3292
15,11,24,0.49363,4,56,18,Nelson,0,14,8475754,-5,33,0.58928,C,7,9,20202021,0,0,0.14876,L,121,Brock Nelson,NYI,1069.9107
50,14,49,,2,81,14,Dunn,1,55,8478407,28,64,0.79012,D,0,15,20222023,0,0,0.09395,L,149,Vince Dunn,SEA,1420.1604
23,9,27,0.0,4,78,12,Dunn,1,45,8478407,14,35,0.44871000000000005,D,3,8,20182019,0,0,0.08,L,150,Vince Dunn,STL,1051.9487
28,5,24,,0,73,7,Dunn,0,63,8478407,-21,35,0.47945000000000004,D,2,11,20212022,0,0,0.057850000000000006,L,121,Vince Dunn,SEA,1240.5342
14,5,13,,1,71,9,Dunn,0,27,8478407,15,23,0.32394,D,4,10,20192020,0,0,0.06521,L,138,Vince Dunn,STL,976.1971
14,4,13,,0,43,6,Dunn,0,18,8478407,-8,20,0.46511,D,2,7,20202021,0,0,0.08219000000000001,L,73,Vince Dunn,STL,1154.9534
38,25,51,0.51983,5,73,37,Hintz,0,30,8478449,31,75,1.02739,C,9,21,20222023,3,3,0.20108,L,184,Roope Hintz,DAL,1053.4657
35,25,44,0.5296700000000001,7,80,37,Hintz,1,28,8478449,15,72,0.9,C,9,24,20212022,3,4,0.17370000000000002,L,213,Roope Hintz,DAL,1082.1625
28,9,25,0.49253,1,41,15,Hintz,0,4,8478449,13,43,1.04878,C,6,18,20202021,0,0,0.16304000000000002,L,92,Roope Hintz,DAL,1093.9268
14,14,17,0.49855000000000005,5,60,19,Hintz,1,16,8478449,3,33,0.55,C,3,14,20192020,2,2,0.15833000000000003,L,120,Roope Hintz,DAL,884.9333
13,6,16,0.5425000000000001,3,58,9,Hintz,1,24,8478449,-11,22,0.37931000000000004,C,3,6,20182019,0,0,0.09090000000000001,L,99,Roope Hintz,DAL,843.3793
44,10,42,0.45923,2,82,15,Mittelstadt,1,22,8479999,-8,59,0.7195100000000001,C,4,16,20222023,1,1,0.11111000000000001,L,135,Casey Mittelstadt,BUF,943.6951
13,9,15,0.39738,1,77,12,Mittelstadt,0,10,8479999,-19,25,0.32467,C,3,10,20182019,0,0,0.10169,L,118,Casey Mittelstadt,BUF,807.1038
12,6,14,0.48979000000000006,2,41,10,Mittelstadt,0,10,8479999,-10,22,0.5365800000000001,C,3,6,20202021,1,2,0.16393000000000002,L,61,Casey Mittelstadt,BUF,952.9268
13,5,12,0.4469,1,40,6,Mittelstadt,1,4,8479999,-14,19,0.47500000000000003,C,1,7,20212022,0,0,0.07594000000000001,L,79,Casey Mittelstadt,BUF,967.225
5,3,7,0.46486000000000005,1,31,4,Mittelstadt,0,2,8479999,-5,9,0.29032,C,1,2,20192020,0,0,0.11764000000000001,L,34,Casey Mittelstadt,BUF,765.6129
56,16,47,0.49299000000000004,3,82,27,Malkin,0,82,8471215,-12,83,1.01219,C,11,36,20222023,0,0,0.1125,L,240,Evgeni Malkin,PIT,1114.8292
49,18,50,0.5034200000000001,5,55,25,Malkin,0,58,8471215,7,74,1.34545,C,7,24,20192020,0,0,0.14619000000000001,L,171,Evgeni Malkin,PIT,1171.2727
51,12,46,0.45683,5,68,21,Malkin,0,89,8471215,-25,72,1.05882,C,9,26,20182019,0,0,0.11229000000000001,L,187,Evgeni Malkin,PIT,1128.2352
22,11,22,0.43617000000000006,5,41,20,Malkin,1,24,8471215,-10,42,1.02439,C,9,20,20212022,0,0,0.15503,L,129,Evgeni Malkin,PIT,1099.7804
20,4,19,0.42458,0,33,8,Malkin,0,24,8471215,-4,28,0.8484800000000001,C,4,9,20202021,0,0,0.11111000000000001,L,72,Evgeni Malkin,PIT,1064.4545
32,16,39,0.47649,5,82,24,Karlsson,0,16,8476448,1,56,0.6829200000000001,C,7,14,20182019,1,3,0.14201000000000003,L,169,William Karlsson,VGK,1130.817
39,10,39,0.5534100000000001,2,82,14,Karlsson,0,10,8476448,14,53,0.64634,C,2,9,20222023,2,5,0.08695000000000001,L,161,William Karlsson,VGK,1048.1341
31,11,33,0.51902,1,63,15,Karlsson,0,16,8476448,11,46,0.7301500000000001,C,2,8,20192020,2,5,0.10869000000000001,L,138,William Karlsson,VGK,1131.9523
25,13,30,0.5401400000000001,4,56,14,Karlsson,1,4,8476448,19,39,0.69642,C,1,8,20202021,0,1,0.12612,L,111,William Karlsson,VGK,1120.1071
23,9,30,0.51678,0,67,12,Karlsson,0,10,8476448,3,35,0.5223800000000001,C,1,3,20212022,2,2,0.08888,L,135,William Karlsson,VGK,1096.9104
47,15,47,0.54391,5,80,32,Larkin,0,45,8477946,-7,79,0.9875,C,16,31,20222023,1,1,0.13114,L,244,Dylan Larkin,DET,1173.3375
41,23,55,0.54505,4,76,32,Larkin,4,75,8477946,-6,73,0.96052,C,7,15,20182019,2,3,0.11149,L,287,Dylan Larkin,DET,1310.5263
38,25,55,0.52325,4,71,31,Larkin,3,47,8477946,-18,69,0.9718300000000001,C,6,13,20212022,0,1,0.14622000000000002,L,212,Dylan Larkin,DET,1179.4366
34,14,39,0.52422,0,71,19,Larkin,0,39,8477946,-21,53,0.7464700000000001,C,5,14,20192020,0,0,0.08520000000000001,L,223,Dylan Larkin,DET,1274.9436
14,8,17,0.49452,0,44,9,Larkin,0,34,8477946,-14,23,0.5227200000000001,C,1,6,20202021,0,0,0.06716000000000001,L,134,Dylan Larkin,DET,1224.1363
63,19,61,0.57903,4,82,22,Giroux,1,24,8473512,9,85,1.03658,R,2,23,20182019,1,1,0.09606,R,229,Claude Giroux,PHI,1287.4024
44,28,54,0.5831200000000001,6,82,35,Giroux,1,34,8473512,4,79,0.9634100000000001,R,7,24,20222023,0,1,0.16355,R,214,Claude Giroux,OTT,1127.756
44,16,42,0.60279,0,75,21,Giroux,0,26,8473512,-5,65,0.8666600000000001,R,5,23,20212022,0,0,0.10243000000000001,R,205,Claude Giroux,"PHI,FLA",1144.2
32,13,31,0.59038,6,69,21,Giroux,0,28,8473512,7,53,0.7681100000000001,R,7,20,20192020,1,2,0.10659,R,197,Claude Giroux,PHI,1139.0869
27,15,32,0.5960500000000001,2,54,16,Giroux,0,12,8473512,-4,43,0.79629,R,1,11,20202021,0,0,0.13333,R,120,Claude Giroux,PHI,1086.3333
73,12,59,,2,80,23,Josi,0,46,8474600,13,96,1.2,D,11,37,20212022,0,0,0.08185,L,281,Roman Josi,NSH,1533.2625
49,12,42,,1,69,16,Josi,0,41,8474600,22,65,0.9420200000000001,D,4,23,20192020,0,0,0.06153000000000001,L,260,Roman Josi,NSH,1546.7391
41,10,35,,5,67,18,Josi,1,36,8474600,5,59,0.8805900000000001,D,8,24,20222023,0,0,0.06691000000000001,L,269,Roman Josi,NSH,1510.0298
41,13,43,0.0,4,82,15,Josi,0,42,8474600,9,56,0.6829200000000001,D,2,12,20182019,0,1,0.054740000000000004,L,274,Roman Josi,NSH,1509.9268
25,7,18,,3,48,8,Josi,2,20,8474600,-11,33,0.6875000000000001,D,1,14,20202021,0,1,0.05673,L,141,Roman Josi,NSH,1460.7708
47,27,61,0.47333000000000003,3,79,35,Skinner,1,39,8475784,15,82,1.03797,L,8,21,20222023,0,0,0.14462,L,242,Jeff Skinner,BUF,1043.8354
23,32,47,0.52159,7,82,40,Skinner,3,36,8475784,0,63,0.76829,L,8,16,20182019,0,0,0.14925000000000002,L,268,Jeff Skinner,BUF,1111.0853
30,28,52,0.40625000000000006,4,80,33,Skinner,0,42,8475784,-14,63,0.7875000000000001,L,5,11,20212022,0,0,0.12595,L,262,Jeff Skinner,BUF,1026.225
9,14,20,0.37209000000000003,1,59,14,Skinner,0,18,8475784,-22,23,0.38983,L,0,3,20192020,0,0,0.07650000000000001,L,183,Jeff Skinner,BUF,989.0508
7,6,13,0.46666,0,53,7,Skinner,0,14,8475784,-11,14,0.26415,L,1,1,20202021,0,0,0.06306,L,111,Jeff Skinner,BUF,871.2641
52,27,67,0.26666,7,82,33,Fiala,1,52,8477942,23,85,1.03658,L,5,17,20212022,1,1,0.12595,L,262,Kevin Fiala,MIN,1058.8292
49,16,48,0.5,2,69,23,Fiala,2,52,8477942,2,72,1.04347,L,7,24,20222023,0,0,0.11057000000000002,L,208,Kevin Fiala,LAK,1055.7101
31,14,36,0.22222000000000003,4,64,23,Fiala,1,42,8477942,-1,54,0.8437500000000001,L,9,18,20192020,0,0,0.13142,L,175,Kevin Fiala,MIN,924.0468
20,14,26,0.33333,5,50,20,Fiala,1,43,8477942,-2,40,0.8,L,6,14,20202021,0,0,0.12345,L,162,Kevin Fiala,MIN,1013.98
26,11,28,0.37500000000000006,2,83,13,Fiala,0,36,8477942,-23,39,0.46987000000000007,L,2,11,20182019,0,0,0.07471000000000001,L,174,Kevin Fiala,"NSH,MIN",938.3373
69,26,72,0.44827000000000006,6,79,40,Tkachuk,0,123,8479314,29,109,1.37974,L,14,36,20222023,0,1,0.12422000000000001,L,322,Matthew Tkachuk,FLA,1226.1518
62,30,75,0.46511,6,82,42,Tkachuk,0,68,8479314,57,104,1.26829,L,12,29,20212022,0,0,0.166,L,253,Matthew Tkachuk,CGY,1073.9634
43,23,53,0.46153000000000005,2,80,34,Tkachuk,0,62,8479314,14,77,0.9625000000000001,L,11,24,20182019,0,0,0.16425,L,207,Matthew Tkachuk,CGY,1055.9375
38,18,42,0.0,4,69,23,Tkachuk,2,74,8479314,-5,61,0.8840500000000001,L,5,19,20192020,0,0,0.12234,L,188,Matthew Tkachuk,CGY,1098.4782
27,12,28,0.42857000000000006,0,56,16,Tkachuk,0,55,8479314,6,43,0.76785,L,4,15,20202021,0,0,0.10596000000000001,L,151,Matthew Tkachuk,CGY,1089.375
49,30,65,0.3492,4,82,37,Keller,2,49,8479343,-2,86,1.04878,R,6,20,20222023,1,1,0.16591,L,223,Clayton Keller,ARI,1245.0121
35,22,50,0.42647,2,67,28,Keller,2,28,8479343,3,63,0.9402900000000001,R,5,11,20212022,1,2,0.15819000000000003,L,177,Clayton Keller,ARI,1208.3134
33,13,28,0.33333,5,82,14,Keller,0,24,8479343,-21,47,0.5731700000000001,R,1,19,20182019,0,0,0.07,L,200,Clayton Keller,ARI,1094.1097
27,15,29,0.38095,2,70,17,Keller,0,28,8479343,-6,44,0.6285700000000001,R,2,15,20192020,0,0,0.09239000000000001,L,184,Clayton Keller,ARI,977.7142
21,10,25,0.46341000000000004,3,56,14,Keller,0,18,8479343,-5,35,0.625,R,4,10,20202021,0,0,0.11290000000000001,L,124,Clayton Keller,ARI,999.5
34,22,48,0.28395000000000004,3,81,30,Hagel,0,54,8479542,23,64,0.79012,L,7,13,20222023,1,3,0.16853,L,178,Brandon Hagel,TBL,1118.8148
19,20,35,0.42105000000000004,3,77,25,Hagel,0,31,8479542,-18,44,0.57142,L,4,6,20212022,1,3,0.2,L,125,Brandon Hagel,"CHI,TBL",981.4025
15,9,20,0.39130000000000004,2,52,9,Hagel,2,11,8479542,-7,24,0.46153000000000005,L,0,3,20202021,0,1,0.0989,L,91,Brandon Hagel,CHI,839.3269
0,0,0,,0,1,0,Hagel,0,0,8479542,0,0,0.0,L,0,0,20192020,0,0,0.0,L,4,Brandon Hagel,CHI,708.0
58,9,41,,2,78,15,Dahlin,0,92,8480839,12,73,0.9358900000000001,D,6,32,20222023,0,0,0.07352,L,204,Rasmus Dahlin,BUF,1547.7435
40,10,31,,3,80,13,Dahlin,1,68,8480839,-22,53,0.6625000000000001,D,3,21,20212022,0,1,0.07647000000000001,L,170,Rasmus Dahlin,BUF,1440.8625
35,4,24,,4,82,9,Dahlin,0,34,8480839,-13,44,0.5365800000000001,D,5,20,20182019,0,0,0.05084,L,177,Rasmus Dahlin,BUF,1269.3292
36,2,21,,1,59,4,Dahlin,0,38,8480839,-7,40,0.67796,D,2,19,20192020,0,0,0.04444,L,90,Rasmus Dahlin,BUF,1157.7288
18,4,12,,0,56,5,Dahlin,0,26,8480839,-36,23,0.41071,D,1,11,20202021,0,0,0.04347,L,115,Rasmus Dahlin,BUF,1296.4821
34,18,39,0.38709000000000005,2,82,23,Raymond,2,16,8482078,-32,57,0.6951200000000001,L,5,18,20212022,0,0,0.125,R,184,Lucas Raymond,DET,1089.4146
28,12,26,0.29411000000000004,4,74,17,Raymond,0,24,8482078,-17,45,0.6081000000000001,L,5,19,20222023,0,0,0.12686,R,134,Lucas Raymond,DET,1042.554
38,20,48,0.5,3,81,22,Nyquist,1,12,8474679,1,60,0.7407400000000001,C,2,12,20182019,0,0,0.10784,L,204,Gustav Nyquist,"DET,SJS",1051.1851
35,10,39,0.46666,0,82,18,Nyquist,0,26,8474679,-12,53,0.64634,C,4,10,20212022,4,4,0.14754,L,122,Gustav Nyquist,CBJ,1070.439
27,11,32,0.51515,3,70,15,Nyquist,1,16,8474679,4,42,0.6000000000000001,C,3,9,20192020,1,1,0.09933,L,151,Gustav Nyquist,CBJ,1081.9428
16,9,24,0.43750000000000006,2,51,11,Nyquist,0,16,8474679,-9,27,0.52941,C,0,1,20222023,2,2,0.10784,L,102,Gustav Nyquist,"CBJ,MIN",1057.1764
60,14,48,,6,78,16,Morrissey,2,41,8477504,2,76,0.97435,D,2,28,20222023,0,0,0.09302,L,172,Josh Morrissey,WPG,1453.8717
25,6,22,,3,79,12,Morrissey,0,66,8477504,-3,37,0.46835000000000004,D,6,15,20212022,0,0,0.06936,L,173,Josh Morrissey,WPG,1419.5189
26,4,19,,0,65,5,Morrissey,0,24,8477504,1,31,0.47692000000000007,D,1,12,20192020,0,0,0.04166,L,120,Josh Morrissey,WPG,1366.2153
25,2,19,,2,59,6,Morrissey,1,14,8477504,9,31,0.52542,D,3,10,20182019,1,2,0.06315000000000001,L,95,Josh Morrissey,WPG,1344.305
17,3,12,,0,56,4,Morrissey,0,25,8477504,-1,21,0.37500000000000006,D,1,9,20202021,0,0,0.034480000000000004,L,116,Josh Morrissey,WPG,1412.9107
40,8,33,0.3421,2,82,22,Batherson,0,33,8480208,-35,62,0.75609,R,14,29,20222023,0,0,0.08835000000000001,R,249,Drake Batherson,OTT,1116.3658
27,14,30,0.4186,3,46,17,Batherson,1,32,8480208,4,44,0.95652,R,3,14,20212022,0,0,0.15454,R,110,Drake Batherson,OTT,1135.7173
17,12,19,0.38461,3,56,17,Batherson,0,8,8480208,-17,34,0.60714,R,5,15,20202021,0,0,0.15315,R,111,Drake Batherson,OTT,988.4285
7,2,4,0.57142,0,23,3,Batherson,0,13,8480208,-12,10,0.43478000000000006,R,1,6,20192020,0,0,0.09375000000000001,R,32,Drake Batherson,OTT,933.7826
6,1,6,0.7500000000000001,2,20,3,Batherson,0,6,8480208,-2,9,0.45,R,2,3,20182019,0,0,0.16666,R,18,Drake Batherson,OTT,804.9
20,16,36,0.47619000000000006,2,82,18,Coleman,0,54,8476399,9,38,0.46341000000000004,C,0,0,20222023,2,2,0.09574,L,188,Blake Coleman,CGY,912.1829
14,16,28,0.41603,3,78,22,Coleman,0,71,8476399,-19,36,0.46153000000000005,C,3,3,20182019,3,5,0.10328000000000001,L,213,Blake Coleman,NJD,1020.7307
17,15,31,0.10526,2,81,16,Coleman,0,60,8476399,16,33,0.40740000000000004,C,0,0,20212022,1,2,0.07547000000000001,L,212,Blake Coleman,CGY,889.2345
11,17,25,0.31543000000000004,2,66,21,Coleman,0,56,8476399,0,32,0.48484000000000005,C,1,3,20192020,3,4,0.10500000000000001,L,200,Blake Coleman,"NJD,TBL",1003.0757
17,12,29,0.22222000000000003,3,55,14,Coleman,1,37,8476399,15,31,0.5636300000000001,C,1,1,20202021,1,1,0.11475,L,122,Blake Coleman,TBL,927.909
52,17,51,0.0,5,82,20,Rielly,2,14,8476853,24,72,0.87804,D,3,21,20182019,0,0,0.08968000000000001,L,223,Morgan Rielly,TOR,1387.3292
58,8,42,,3,82,10,Rielly,0,40,8476853,16,68,0.8292600000000001,D,2,23,20212022,0,3,0.04524,L,221,Morgan Rielly,TOR,1424.2804
37,3,24,,1,65,4,Rielly,0,21,8476853,-9,41,0.6307600000000001,D,1,17,20222023,0,0,0.031740000000000004,L,126,Morgan Rielly,TOR,1302.2461
30,4,22,,1,55,5,Rielly,1,14,8476853,11,35,0.63636,D,1,12,20202021,0,1,0.0495,L,101,Morgan Rielly,TOR,1416.7454
24,3,20,0.0,2,47,3,Rielly,1,24,8476853,6,27,0.5744600000000001,D,0,7,20192020,0,0,0.024390000000000002,L,123,Morgan Rielly,TOR,1452.0425
46,20,53,0.33333,3,73,30,Buchnevich,1,34,8477402,29,76,1.04109,L,8,19,20212022,2,4,0.15075000000000002,L,199,Pavel Buchnevich,STL,1098.0136
41,18,44,0.29906000000000005,2,63,26,Buchnevich,0,36,8477402,14,67,1.06349,L,8,21,20222023,0,2,0.21138,L,123,Pavel Buchnevich,STL,1167.1746
28,16,36,0.22222000000000003,2,54,20,Buchnevich,0,42,8477402,12,48,0.8888800000000001,L,1,8,20202021,3,4,0.16666,L,120,Pavel Buchnevich,NYR,1123.9629
30,12,37,0.17391,1,68,16,Buchnevich,0,24,8477402,2,46,0.67647,L,4,9,20192020,0,0,0.10810000000000002,L,148,Pavel Buchnevich,NYR,1015.7794
17,14,26,0.28,1,64,21,Buchnevich,0,13,8477402,-10,38,0.59375,L,7,12,20182019,0,0,0.17647000000000002,L,119,Pavel Buchnevich,NYR,910.4843
29,19,38,0.43478000000000006,1,80,28,Bjorkstrand,0,16,8477416,-35,57,0.7125,R,9,19,20212022,0,0,0.13023,R,215,Oliver Bjorkstrand,CBJ,1076.9875
25,15,35,0.30508,1,81,20,Bjorkstrand,1,16,8477416,-1,45,0.5555500000000001,R,5,10,20222023,0,0,0.10101,R,198,Oliver Bjorkstrand,SEA,937.4074
26,16,38,0.42857000000000006,0,56,18,Bjorkstrand,0,23,8477416,-15,44,0.78571,R,2,6,20202021,0,0,0.12587,R,143,Oliver Bjorkstrand,CBJ,1056.5714
15,18,30,0.31578,5,49,21,Bjorkstrand,0,12,8477416,8,36,0.7346900000000001,R,3,6,20192020,0,0,0.12962,R,162,Oliver Bjorkstrand,CBJ,1076.4897
13,20,33,0.38461,1,77,23,Bjorkstrand,0,8,8477416,8,36,0.46753000000000006,R,3,3,20182019,0,0,0.14285,R,161,Oliver Bjorkstrand,CBJ,740.2987
29,17,45,0.275,2,54,18,Marchment,0,53,8478975,29,47,0.8703700000000001,L,1,2,20212022,0,0,0.14876,L,121,Mason Marchment,FLA,847.1111
19,10,26,0.4,2,68,12,Marchment,0,80,8478975,-6,31,0.45588000000000006,L,2,5,20222023,0,0,0.08108000000000001,L,148,Mason Marchment,DAL,942.3382
8,2,10,0.38235,0,33,2,Marchment,0,18,8478975,4,10,0.30303,L,0,0,20202021,0,0,0.04,L,50,Mason Marchment,FLA,848.1515
1,0,1,1.0,0,4,0,Marchment,0,0,8478975,0,1,0.25,L,0,0,20192020,0,0,0.0,L,3,Mason Marchment,TOR,485.0
30,5,23,,1,64,9,Hronek,0,34,8479425,7,39,0.6093700000000001,D,4,16,20222023,0,0,0.07258,R,124,Filip Hronek,"DET,VAN",1301.9843
33,3,31,,0,78,5,Hronek,0,36,8479425,-29,38,0.48717000000000005,D,2,7,20212022,0,0,0.037590000000000005,R,133,Filip Hronek,DET,1321.6153
22,8,21,,0,65,9,Hronek,0,46,8479425,-38,31,0.47692000000000007,D,1,10,20192020,0,0,0.07200000000000001,R,125,Filip Hronek,DET,1433.7538
24,2,15,,0,56,2,Hronek,0,16,8479425,-18,26,0.46428,D,0,11,20202021,0,0,0.01754,R,114,Filip Hronek,DET,1403.1607
18,4,17,,0,46,5,Hronek,0,30,8479425,-10,23,0.5,D,1,5,20182019,0,1,0.06849000000000001,R,73,Filip Hronek,DET,1197.6521
24,15,37,0.35555000000000003,1,82,15,Farabee,0,41,8480797,-1,39,0.4756,L,0,2,20222023,0,0,0.10344,L,145,Joel Farabee,PHI,1020.6463
18,17,31,0.4,1,55,20,Farabee,0,28,8480797,0,38,0.6909000000000001,L,3,7,20202021,0,0,0.16393000000000002,L,122,Joel Farabee,PHI,961.0909
17,15,30,0.28671,1,63,17,Farabee,0,50,8480797,-11,34,0.53968,L,1,3,20212022,1,1,0.14285,L,119,Joel Farabee,PHI,1055.2222
13,7,19,0.30000000000000004,1,52,8,Farabee,0,39,8480797,6,21,0.40384000000000003,L,1,2,20192020,0,0,0.09876000000000001,L,81,Joel Farabee,PHI,846.3269
55,17,51,0.38181000000000004,2,70,24,Zuccarello,0,24,8475692,21,79,1.12857,R,7,28,20212022,0,0,0.15094000000000002,L,159,Mats Zuccarello,MIN,1115.3571
45,13,38,0.4,3,78,22,Zuccarello,1,26,8475692,-3,67,0.8589700000000001,R,9,29,20222023,0,0,0.11111000000000001,L,198,Mats Zuccarello,MIN,1211.6153
28,9,25,0.33333,1,48,12,Zuccarello,0,24,8475692,-8,40,0.83333,R,3,15,20182019,0,0,0.11538000000000001,L,104,Mats Zuccarello,"NYR,DAL",1191.0833
22,12,30,0.64285,2,65,15,Zuccarello,0,18,8475692,-9,37,0.56923,R,3,7,20192020,0,0,0.15625,L,96,Mats Zuccarello,MIN,956.3692
24,8,29,0.34375000000000006,0,42,11,Zuccarello,0,8,8475692,9,35,0.83333,R,3,6,20202021,0,0,0.14864000000000002,L,74,Mats Zuccarello,MIN,1000.9047
29,15,40,0.526,0,82,16,Coyle,0,30,8475745,29,45,0.54878,C,0,0,20222023,1,5,0.11510000000000001,R,139,Charlie Coyle,BOS,1019.1829
28,13,34,0.49090000000000006,5,82,16,Coyle,2,32,8475745,-6,44,0.5365800000000001,C,3,9,20212022,0,1,0.12213000000000002,R,131,Charlie Coyle,BOS,1044.4756
21,13,30,0.46638,3,70,16,Coyle,0,21,8475745,9,37,0.5285700000000001,C,1,5,20192020,2,2,0.11034000000000001,R,145,Charlie Coyle,BOS,1007.3428
22,10,29,0.45868000000000003,2,81,12,Coyle,0,20,8475745,-1,34,0.41975,C,1,4,20182019,1,1,0.07741,R,155,Charlie Coyle,"MIN,BOS",1006.6172
10,5,13,0.48323000000000005,2,51,6,Coyle,0,20,8475745,-4,16,0.31372,C,0,2,20202021,1,1,0.07594000000000001,R,79,Charlie Coyle,BOS,977.3529
47,24,53,0.53864,8,82,33,Seguin,2,18,8475794,17,80,0.9756000000000001,C,9,27,20182019,0,0,0.09880000000000001,R,334,Tyler Seguin,DAL,1244.9024
33,14,35,0.58162,6,69,17,Seguin,3,22,8475794,-2,50,0.7246300000000001,C,3,15,20192020,0,0,0.06938000000000001,R,245,Tyler Seguin,DAL,1148.9565
29,13,37,0.54712,3,76,21,Seguin,1,24,8475794,3,50,0.6578900000000001,C,7,11,20222023,1,2,0.11111000000000001,R,189,Tyler Seguin,DAL,997.0526
25,21,36,0.5603800000000001,2,81,24,Seguin,1,30,8475794,-21,49,0.6049300000000001,C,3,13,20212022,0,0,0.11009000000000001,R,218,Tyler Seguin,DAL,1069.1111
0,2,2,0.54285,0,3,2,Seguin,0,0,8475794,0,2,0.66666,C,0,0,20202021,0,0,0.25,R,8,Tyler Seguin,DAL,1024.3333
39,23,57,0.5147900000000001,5,77,35,Hertl,1,18,8476881,5,74,0.96103,C,11,15,20182019,1,2,0.19886,L,176,Tomas Hertl,SJS,1141.1818
34,24,47,0.5245500000000001,6,82,30,Hertl,3,30,8476881,-9,64,0.7804800000000001,C,6,16,20212022,0,1,0.14634000000000003,L,205,Tomas Hertl,SJS,1196.4146
41,16,41,0.5480900000000001,1,79,22,Hertl,0,42,8476881,-36,63,0.7974600000000001,C,6,22,20222023,0,0,0.12021000000000001,L,183,Tomas Hertl,SJS,1156.8734
24,14,32,0.55227,2,50,19,Hertl,0,27,8476881,1,43,0.8600000000000001,C,4,10,20202021,1,1,0.16964,L,112,Tomas Hertl,SJS,1148.14
20,12,27,0.5481,1,48,16,Hertl,0,16,8476881,-18,36,0.7500000000000001,C,2,7,20192020,2,2,0.13675,L,117,Tomas Hertl,SJS,1106.7083
33,21,52,0.0,5,71,25,Ehlers,0,30,8477940,14,58,0.8169000000000001,L,3,5,20192020,1,1,0.12315000000000001,L,203,Nikolaj Ehlers,WPG,991.4084
27,24,46,0.66666,2,62,28,Ehlers,1,20,8477940,18,55,0.88709,L,4,9,20212022,0,0,0.11428,L,245,Nikolaj Ehlers,WPG,1084.2096
25,15,33,1.0,5,47,21,Ehlers,2,15,8477940,15,46,0.97872,L,6,13,20202021,0,0,0.14189000000000002,L,148,Nikolaj Ehlers,WPG,1015.1914
26,9,26,0.5,0,45,12,Ehlers,0,11,8477940,-2,38,0.8444400000000001,L,3,12,20222023,0,0,0.09090000000000001,L,132,Nikolaj Ehlers,WPG,938.8888
16,19,30,0.5,4,62,21,Ehlers,0,15,8477940,2,37,0.59677,L,2,7,20182019,0,0,0.13291,L,158,Nikolaj Ehlers,WPG,945.6774
46,36,62,0.14285,9,79,47,Connor,1,4,8478398,-3,93,1.17721,L,8,28,20212022,3,3,0.14826,L,317,Kyle Connor,WPG,1306.5063
49,23,51,0.28571,8,82,31,Connor,2,20,8478398,-11,80,0.9756000000000001,L,8,29,20222023,0,0,0.11355000000000001,L,273,Kyle Connor,WPG,1231.756
35,28,54,0.15384,7,71,38,Connor,1,34,8478398,4,73,1.02816,L,9,17,20192020,1,2,0.15899000000000002,L,239,Kyle Connor,WPG,1265.2535
32,22,46,0.61538,5,82,34,Connor,0,18,8478398,-7,66,0.8048700000000001,L,11,19,20182019,1,1,0.14977000000000001,L,227,Kyle Connor,WPG,1155.1585
24,16,37,0.6000000000000001,5,56,26,Connor,0,12,8478398,-4,50,0.89285,L,10,13,20202021,0,0,0.15662,L,166,Kyle Connor,WPG,1124.3035
59,20,58,0.49702,6,71,28,Kadri,0,71,8475172,13,87,1.22535,C,8,29,20212022,0,0,0.11336,L,247,Nazem Kadri,COL,1154.338
32,13,37,0.47487,4,82,24,Kadri,0,56,8475172,-19,56,0.6829200000000001,C,11,19,20222023,0,0,0.08988,L,267,Nazem Kadri,CGY,1032.5243
28,12,31,0.55205,5,73,16,Kadri,0,43,8475172,-2,44,0.6027300000000001,C,4,13,20182019,0,0,0.08695000000000001,L,184,Nazem Kadri,TOR,971.3835
17,15,25,0.56764,1,51,19,Kadri,0,97,8475172,7,36,0.7058800000000001,C,4,11,20192020,0,0,0.14285,L,133,Nazem Kadri,COL,1045.549
21,8,23,0.52759,3,56,11,Kadri,0,34,8475172,-7,32,0.57142,C,3,9,20202021,0,0,0.06470000000000001,L,170,Nazem Kadri,COL,988.1964
39,24,48,0.58333,4,82,34,Toffoli,2,28,8475726,16,73,0.89024,R,10,25,20222023,0,0,0.12686,R,268,Tyler Toffoli,CGY,996.6585
29,10,30,0.52941,1,74,20,Toffoli,0,14,8475726,-5,49,0.6621600000000001,R,8,16,20212022,2,3,0.10256000000000001,R,195,Tyler Toffoli,"MTL,CGY",978.2027
16,19,31,0.38888000000000006,5,52,28,Toffoli,0,24,8475726,0,44,0.8461500000000001,R,7,10,20202021,2,3,0.17721,R,158,Tyler Toffoli,MTL,1051.423
20,19,34,0.28571,4,68,24,Toffoli,1,20,8475726,-1,44,0.64705,R,5,10,20192020,0,0,0.11822,R,203,Tyler Toffoli,"LAK,VAN",1010.9117
21,10,29,0.47058000000000005,3,82,13,Toffoli,2,23,8475726,-16,34,0.41463000000000005,R,3,5,20182019,0,0,0.05752,R,226,Tyler Toffoli,LAK,1032.7439
36,25,46,0.43000000000000005,4,76,30,Marchessault,0,36,8476539,3,66,0.8684200000000001,R,5,20,20212022,0,0,0.11952000000000002,R,251,Jonathan Marchessault,VGK,1053.8157
34,20,43,0.37246,6,82,25,Marchessault,1,52,8476539,2,59,0.7195100000000001,R,5,16,20182019,0,0,0.08992000000000001,R,278,Jonathan Marchessault,VGK,1088.7926
29,19,41,0.37500000000000006,4,76,28,Marchessault,1,21,8476539,2,57,0.7500000000000001,R,9,16,20222023,0,0,0.11965,R,234,Jonathan Marchessault,VGK,1028.421
25,16,35,0.42647,3,66,22,Marchessault,1,28,8476539,6,47,0.7121200000000001,R,6,12,20192020,0,0,0.09361000000000001,R,235,Jonathan Marchessault,VGK,1036.9545
26,15,38,0.46590000000000004,4,55,18,Marchessault,2,39,8476539,19,44,0.8,R,3,6,20202021,0,0,0.10227000000000001,R,176,Jonathan Marchessault,VGK,1045.4181
26,8,23,,2,48,8,Matheson,1,33,8476875,7,34,0.70833,D,0,9,20222023,0,2,0.06349,L,126,Mike Matheson,MTL,1467.1041
20,11,29,,5,74,11,Matheson,0,33,8476875,12,31,0.41891000000000006,D,0,2,20212022,0,0,0.07857,L,140,Mike Matheson,PIT,1127.9459
19,8,19,0.0,2,75,8,Matheson,1,44,8476875,-24,27,0.36000000000000004,D,0,6,20182019,0,2,0.06201,L,129,Mike Matheson,FLA,1339.08
12,7,18,,1,59,8,Matheson,0,14,8476875,-1,20,0.33898,D,1,2,20192020,0,0,0.07692,L,104,Mike Matheson,FLA,1082.1355
11,5,15,,1,44,5,Matheson,0,28,8476875,9,16,0.36363,D,0,1,20202021,0,0,0.05813000000000001,L,86,Mike Matheson,PIT,1118.3181
37,12,32,,2,82,14,Gostisbehere,1,26,8476906,-23,51,0.62195,D,2,19,20212022,0,0,0.09271,L,151,Shayne Gostisbehere,ARI,1331.4268
28,6,24,,2,75,13,Gostisbehere,0,32,8476906,-5,41,0.54666,D,5,15,20222023,2,2,0.08387,L,155,Shayne Gostisbehere,"ARI,CAR",1249.0
28,5,23,,2,78,9,Gostisbehere,1,22,8476906,-20,37,0.47435000000000005,D,4,14,20182019,0,0,0.05,L,180,Shayne Gostisbehere,PHI,1179.5512
11,4,11,,0,41,9,Gostisbehere,0,6,8476906,-2,20,0.48780000000000007,D,5,9,20202021,0,0,0.10588,L,85,Shayne Gostisbehere,PHI,1196.4146
7,4,7,,1,42,5,Gostisbehere,0,20,8476906,-4,12,0.28571,D,1,5,20192020,0,0,0.06849000000000001,L,73,Shayne Gostisbehere,PHI,1097.5714
19,17,32,0.41176,1,81,22,Vatrano,1,66,8478366,-29,41,0.50617,R,5,9,20222023,0,0,0.09523000000000001,L,231,Frank Vatrano,ANA,1000.716
15,22,31,0.39473,1,81,24,Vatrano,0,38,8478366,-10,39,0.48148,R,2,8,20182019,0,0,0.11538000000000001,L,208,Frank Vatrano,FLA,879.7407
18,12,30,0.30000000000000004,4,69,16,Vatrano,0,30,8478366,-8,34,0.49275,R,2,2,20192020,2,2,0.09876000000000001,L,162,Frank Vatrano,FLA,901.0144
14,17,30,0.48000000000000004,3,71,18,Vatrano,1,22,8478366,4,32,0.45070000000000005,R,1,2,20212022,0,0,0.11180000000000001,L,161,Frank Vatrano,"FLA,NYR",789.5492
8,16,22,0.2,7,56,18,Vatrano,3,26,8478366,8,26,0.46428,R,2,4,20202021,0,0,0.11392000000000001,L,158,Frank Vatrano,FLA,870.9821
48,22,55,0.4,4,74,27,Kyrou,0,20,8479385,10,75,1.01351,C,5,19,20212022,0,1,0.14361000000000002,R,188,Jordan Kyrou,STL,994.5405
36,26,49,0.35714,5,79,37,Kyrou,1,22,8479385,-38,73,0.92405,C,11,23,20222023,0,1,0.13602,R,272,Jordan Kyrou,STL,1080.2151
21,14,32,0.5,2,55,14,Kyrou,0,12,8479385,1,35,0.63636,C,0,3,20202021,0,0,0.14285,R,98,Jordan Kyrou,STL,865.4363
5,4,8,0.4,0,28,4,Kyrou,0,8,8479385,1,9,0.32142000000000004,C,0,1,20192020,0,0,0.10256000000000001,R,39,Jordan Kyrou,STL,653.6428
2,1,3,1.0,0,16,1,Kyrou,0,4,8479385,-1,3,0.18750000000000003,C,0,0,20182019,0,0,0.0625,R,16,Jordan Kyrou,STL,579.5625
62,9,38,,2,79,11,Heiskanen,1,32,8480036,12,73,0.92405,D,2,34,20222023,0,1,0.05339000000000001,L,206,Miro Heiskanen,DAL,1529.4683
31,2,25,,1,70,5,Heiskanen,1,24,8480036,3,36,0.5142800000000001,D,3,11,20212022,0,0,0.03205,L,156,Miro Heiskanen,DAL,1493.2285
27,8,28,,0,68,8,Heiskanen,0,12,8480036,14,35,0.5147,D,0,7,20192020,0,0,0.04907,L,163,Miro Heiskanen,DAL,1426.0
21,10,24,,4,82,12,Heiskanen,0,16,8480036,-14,33,0.40243,D,2,8,20182019,0,1,0.06593,L,182,Miro Heiskanen,DAL,1386.7926
19,5,16,,1,55,8,Heiskanen,0,12,8480036,-9,27,0.49090000000000006,D,3,11,20202021,0,0,0.06611,L,121,Miro Heiskanen,DAL,1498.0545
48,24,54,0.48366000000000003,6,82,35,Tkachuk,2,126,8480801,-10,83,1.01219,L,11,29,20222023,0,0,0.10086,L,347,Brady Tkachuk,OTT,1117.9268
37,21,50,0.50114,3,79,30,Tkachuk,1,117,8480801,-7,67,0.8481000000000001,L,9,17,20212022,0,0,0.10416,L,288,Brady Tkachuk,OTT,1127.9367
23,18,35,0.48993000000000003,3,71,22,Tkachuk,1,75,8480801,-10,45,0.6338,L,4,10,20182019,0,0,0.1028,L,214,Brady Tkachuk,OTT,961.4929
23,19,36,0.46153000000000005,3,71,21,Tkachuk,1,106,8480801,-14,44,0.6197100000000001,L,2,8,20192020,0,0,0.08108000000000001,L,259,Brady Tkachuk,OTT,1136.0563
19,12,26,0.47389000000000003,3,56,17,Tkachuk,1,69,8480801,-17,36,0.64285,L,5,10,20202021,0,0,0.07727,L,220,Brady Tkachuk,OTT,1093.7857
20,18,30,0.5,3,67,23,Caufield,2,10,8481540,-24,43,0.6417900000000001,R,5,13,20212022,0,0,0.12234,R,188,Cole Caufield,MTL,1000.8208
10,19,26,,3,46,26,Caufield,0,2,8481540,-10,36,0.7826000000000001,R,7,10,20222023,0,0,0.16455,R,158,Cole Caufield,MTL,1082.9782
1,4,5,,2,10,4,Caufield,2,2,8481540,-1,5,0.5,R,0,0,20202021,0,0,0.13333,R,30,Cole Caufield,MTL,837.6
38,10,36,0.0,1,64,11,Maccelli,0,18,8481711,0,49,0.7656200000000001,L,1,13,20222023,0,0,0.18032,L,61,Matias Maccelli,ARI,940.8906
5,1,5,1.0,0,23,1,Maccelli,0,4,8481711,-10,6,0.26086000000000004,L,0,1,20212022,0,0,0.047610000000000006,L,21,Matias Maccelli,ARI,851.826
23,15,34,0.44000000000000006,4,68,17,Jarvis,1,18,8482093,11,40,0.58823,C,2,6,20212022,0,0,0.15454,R,110,Seth Jarvis,CAR,832.5
25,13,33,0.34615,0,82,14,Jarvis,0,12,8482093,10,39,0.4756,C,0,5,20222023,1,1,0.07486000000000001,R,187,Seth Jarvis,CAR,972.2073
19,2,21,0.47222000000000003,0,53,3,Byfield,0,30,8482124,13,22,0.41509,R,1,1,20222023,0,0,0.04054000000000001,L,74,Quinton Byfield,LAK,843.8301
5,5,9,0.45421000000000006,1,40,5,Byfield,0,20,8482124,-7,10,0.25,R,0,1,20212022,0,0,0.1282,L,39,Quinton Byfield,LAK,729.4
1,0,1,0.39393000000000006,0,6,0,Byfield,0,2,8482124,1,1,0.16666,R,0,0,20202021,0,0,0.0,L,9,Quinton Byfield,LAK,900.5
